boundary,a_fm,sigma,method,n_segments,median_wavelength_mc,segment_range_mc
OBC,0.0774,2,peak_spacing,2,28,0
OBC,0.0774,2,fft,1,97,0
OBC,0.0774,4,peak_spacing,2,50.25,4.5
OBC,0.0774,4,fft,1,94,0
OBC,0.0774,6,peak_spacing,2,57,0
OBC,0.0774,6,fft,1,91,0
OBC,0.0774,8,peak_spacing,2,83.5,11
OBC,0.0774,8,fft,1,88,0
OBC,0.0774,10,peak_spacing,2,92.75,7.5
OBC,0.0774,10,fft,1,85,0
OBC,0.0774,12,peak_spacing,2,83.5,11
OBC,0.0774,12,fft,1,109.333,0
OBC,0.0774,15,peak_spacing,1,85,0
OBC,0.0774,15,fft,1,103.333,0
OBC,0.0774,20,fft,1,93.3333,0
OBC,0.0774,25,fft,1,83.3333,0
OBC,0.0774,30,fft,1,110,0
PBC,0.0774,2,peak_spacing,2,22.5,1
PBC,0.0774,2,fft,2,28.2917,8.08333
PBC,0.0774,4,peak_spacing,2,49.5,7
PBC,0.0774,4,fft,1,47,0
PBC,0.0774,6,peak_spacing,2,87.5,47
PBC,0.0774,6,fft,1,72.8,0
PBC,0.0774,8,peak_spacing,2,88,44
PBC,0.0774,8,fft,1,70.4,0
PBC,0.0774,10,peak_spacing,2,77.25,26.5
PBC,0.0774,10,fft,1,68,0
PBC,0.0774,12,peak_spacing,2,114,39
PBC,0.0774,12,fft,1,65.6,0
PBC,0.0774,15,peak_spacing,1,144,0
PBC,0.0774,15,fft,1,77.5,0
PBC,0.0774,20,fft,1,93.3333,0
PBC,0.0774,25,fft,1,83.3333,0
PBC,0.0774,30,fft,1,110,0
OBC,0.0560,2,peak_spacing,2,28,10
OBC,0.0560,2,fft,2,35.5667,6.46667
OBC,0.0560,4,peak_spacing,2,51.25,12.5
OBC,0.0560,4,fft,1,41.7778,0
OBC,0.0560,6,peak_spacing,2,76.5,1
OBC,0.0560,6,fft,1,40.4444,0
OBC,0.0560,8,peak_spacing,2,82.75,10.5
OBC,0.0560,8,fft,1,39.1111,0
OBC,0.0560,10,peak_spacing,2,116,56
OBC,0.0560,10,fft,1,170,0
OBC,0.0560,12,peak_spacing,1,140.5,0
OBC,0.0560,12,fft,1,164,0
OBC,0.0560,15,peak_spacing,1,139,0
OBC,0.0560,15,fft,1,155,0
PBC,0.0560,2,peak_spacing,2,32,11
PBC,0.0560,2,fft,2,87.3,19.4
PBC,0.0560,4,peak_spacing,2,53,16
PBC,0.0560,4,fft,2,100.267,50.1333
PBC,0.0560,6,peak_spacing,2,85,2
PBC,0.0560,6,fft,2,97.0667,48.5333
PBC,0.0560,8,peak_spacing,2,90.75,10.5
PBC,0.0560,8,fft,2,93.8667,46.9333
PBC,0.0560,10,peak_spacing,2,117,44
PBC,0.0560,10,fft,2,113.333,0
PBC,0.0560,12,peak_spacing,2,116.5,39
PBC,0.0560,12,fft,2,109.333,0
PBC,0.0560,15,peak_spacing,2,114.5,27
PBC,0.0560,15,fft,2,103.333,0
PBC,0.0560,20,peak_spacing,2,112.5,3
PBC,0.0560,20,fft,2,140,0
PBC,0.0560,25,peak_spacing,1,110,0
PBC,0.0560,25,fft,2,125,0
PBC,0.0560,30,peak_spacing,1,106,0
PBC,0.0560,30,fft,2,110,0
OBC,0.0408,2,peak_spacing,2,36.75,5.5
OBC,0.0408,2,fft,2,72.75,48.5
OBC,0.0408,4,peak_spacing,2,53.75,2.5
OBC,0.0408,4,fft,2,70.5,47
OBC,0.0408,6,peak_spacing,2,85.5,9
OBC,0.0408,6,fft,2,68.25,45.5
OBC,0.0408,8,peak_spacing,2,86.5,5
OBC,0.0408,8,fft,2,88,0
OBC,0.0408,10,peak_spacing,2,104.75,35.5
OBC,0.0408,10,fft,2,85,0
OBC,0.0408,12,peak_spacing,2,106,32
OBC,0.0408,12,fft,1,109.333,0
OBC,0.0408,15,peak_spacing,1,96,0
OBC,0.0408,15,fft,1,103.333,0
OBC,0.0408,20,fft,1,93.3333,0
OBC,0.0408,25,fft,1,125,0
OBC,0.0408,30,fft,1,110,0
PBC,0.0408,2,peak_spacing,2,31.5,5
PBC,0.0408,2,fft,2,109.933,168.133
PBC,0.0408,4,peak_spacing,2,55.75,14.5
PBC,0.0408,4,fft,2,117.5,141
PBC,0.0408,6,peak_spacing,2,63.25,5.5
PBC,0.0408,6,fft,2,113.75,136.5
PBC,0.0408,8,peak_spacing,2,71.25,9.5
PBC,0.0408,8,fft,1,176,0
PBC,0.0408,10,peak_spacing,2,132.5,69
PBC,0.0408,10,fft,1,170,0
PBC,0.0408,12,fft,1,164,0
PBC,0.0408,15,fft,1,155,0
OBC,0.0299,2,peak_spacing,2,33.75,14.5
OBC,0.0299,2,fft,1,194,0
OBC,0.0299,4,peak_spacing,2,57,8
OBC,0.0299,4,fft,1,188,0
OBC,0.0299,6,peak_spacing,1,62,0
OBC,0.0299,6,fft,1,182,0
OBC,0.0299,8,peak_spacing,1,63.5,0
OBC,0.0299,8,fft,1,176,0
OBC,0.0299,10,peak_spacing,1,160.5,0
OBC,0.0299,12,peak_spacing,1,162,0
PBC,0.0299,2,peak_spacing,2,55.5,23
PBC,0.0299,2,fft,2,194,0
PBC,0.0299,4,peak_spacing,2,59.5,35
PBC,0.0299,4,fft,2,188,0
PBC,0.0299,6,peak_spacing,2,82,10
PBC,0.0299,6,fft,2,182,0
PBC,0.0299,8,peak_spacing,1,90,0
PBC,0.0299,8,fft,2,176,0
PBC,0.0299,10,peak_spacing,1,138,0
PBC,0.0299,10,fft,2,170,0
PBC,0.0299,12,peak_spacing,1,138,0
PBC,0.0299,12,fft,2,164,0
PBC,0.0299,15,peak_spacing,1,140,0
PBC,0.0299,15,fft,1,155,0
OBC,0.0191,2,peak_spacing,2,58.5,34
OBC,0.0191,2,fft,1,194,0
OBC,0.0191,4,peak_spacing,1,67,0
OBC,0.0191,4,fft,1,188,0
OBC,0.0191,6,fft,1,182,0
OBC,0.0191,8,fft,1,176,0
OBC,0.0191,10,fft,1,170,0
PBC,0.0191,2,peak_spacing,2,83,6
PBC,0.0191,2,fft,2,145.5,97
PBC,0.0191,4,peak_spacing,2,109.5,23
PBC,0.0191,4,fft,2,141,94
PBC,0.0191,6,peak_spacing,2,107,18
PBC,0.0191,6,fft,2,136.5,91
PBC,0.0191,8,peak_spacing,2,105.5,15
PBC,0.0191,8,fft,2,146.667,58.6667
PBC,0.0191,10,peak_spacing,2,105,14
PBC,0.0191,10,fft,2,141.667,56.6667
PBC,0.0191,12,peak_spacing,2,105,14
PBC,0.0191,12,fft,2,136.667,54.6667
PBC,0.0191,15,fft,2,129.167,51.6667
PBC,0.0191,20,fft,2,140,0
PBC,0.0191,25,fft,1,125,0
OBC,0.0107,2,peak_spacing,1,16,0
OBC,0.0107,2,fft,2,15.8333,6.33333
OBC,0.0107,4,fft,1,13,0
