boundary,a_fm,sigma,segment,n_samples,method,wavelength_mc,amplitude_q,amplitude_std_q,edge_sensitive,status
OBC,0.0774,2,0,400,peak_spacing,28,1.32087,0.487396,no,ok
OBC,0.0774,2,0,400,fft,388,,,no,too_few_cycles
OBC,0.0774,2,1,400,peak_spacing,28,1.51017,0.579887,no,ok
OBC,0.0774,2,1,400,fft,97,,,no,ok
OBC,0.0774,4,0,400,peak_spacing,52.5,0.866289,0.296339,no,ok
OBC,0.0774,4,0,400,fft,376,,,no,too_few_cycles
OBC,0.0774,4,1,400,peak_spacing,48,0.925753,0.394784,no,ok
OBC,0.0774,4,1,400,fft,94,,,no,ok
OBC,0.0774,6,0,400,peak_spacing,57,0.654211,0.188443,no,ok
OBC,0.0774,6,0,400,fft,364,,,no,too_few_cycles
OBC,0.0774,6,1,400,peak_spacing,57,0.777226,0.188769,no,ok
OBC,0.0774,6,1,400,fft,91,,,no,ok
OBC,0.0774,8,0,400,peak_spacing,89,0.509617,0.162209,yes,ok
OBC,0.0774,8,0,400,fft,352,,,no,too_few_cycles
OBC,0.0774,8,1,400,peak_spacing,78,0.630167,0.225283,no,ok
OBC,0.0774,8,1,400,fft,88,,,no,ok
OBC,0.0774,10,0,400,peak_spacing,89,0.380114,0.153126,yes,ok
OBC,0.0774,10,0,400,fft,340,,,no,too_few_cycles
OBC,0.0774,10,1,400,peak_spacing,96.5,0.619279,0.238244,yes,ok
OBC,0.0774,10,1,400,fft,85,,,no,ok
OBC,0.0774,12,0,400,peak_spacing,78,0.376824,0.157503,no,ok
OBC,0.0774,12,0,400,fft,328,,,no,too_few_cycles
OBC,0.0774,12,1,400,peak_spacing,89,0.406984,0.121758,no,ok
OBC,0.0774,12,1,400,fft,109.333,,,no,ok
OBC,0.0774,15,0,400,peak_spacing,,,,,no_estimate
OBC,0.0774,15,0,400,fft,310,,,no,too_few_cycles
OBC,0.0774,15,1,400,peak_spacing,85,0.269889,0.116844,no,ok
OBC,0.0774,15,1,400,fft,103.333,,,no,ok
OBC,0.0774,20,0,400,peak_spacing,,,,,no_estimate
OBC,0.0774,20,0,400,fft,280,,,no,too_few_cycles
OBC,0.0774,20,1,400,peak_spacing,,,,,no_estimate
OBC,0.0774,20,1,400,fft,93.3333,,,no,ok
OBC,0.0774,25,0,400,peak_spacing,,,,,no_estimate
OBC,0.0774,25,0,400,fft,250,,,no,too_few_cycles
OBC,0.0774,25,1,400,peak_spacing,,,,,no_estimate
OBC,0.0774,25,1,400,fft,83.3333,,,no,ok
OBC,0.0774,30,0,400,peak_spacing,,,,,no_estimate
OBC,0.0774,30,0,400,fft,220,,,no,too_few_cycles
OBC,0.0774,30,1,400,peak_spacing,,,,,no_estimate
OBC,0.0774,30,1,400,fft,110,,,no,ok
OBC,0.0774,35,0,400,peak_spacing,,,,,no_estimate
OBC,0.0774,35,0,400,fft,190,,,no,too_few_cycles
OBC,0.0774,35,1,400,peak_spacing,,,,,no_estimate
OBC,0.0774,35,1,400,fft,95,,,no,lambda_too_close_to_sigma
OBC,0.0774,40,0,400,peak_spacing,,,,,no_estimate
OBC,0.0774,40,0,400,fft,160,,,no,too_few_cycles
OBC,0.0774,40,1,400,peak_spacing,,,,,no_estimate
OBC,0.0774,40,1,400,fft,160,,,no,too_few_cycles
PBC,0.0774,2,0,400,peak_spacing,22,1.22713,0.429487,no,ok
PBC,0.0774,2,0,400,fft,32.3333,,,no,ok
PBC,0.0774,2,1,400,peak_spacing,23,1.36501,0.486638,no,ok
PBC,0.0774,2,1,400,fft,24.25,,,no,ok
PBC,0.0774,4,0,400,peak_spacing,53,0.925515,0.368607,no,ok
PBC,0.0774,4,0,400,fft,47,,,no,ok
PBC,0.0774,4,1,400,peak_spacing,46,0.921551,0.45166,no,ok
PBC,0.0774,4,1,400,fft,376,,,no,too_few_cycles
PBC,0.0774,6,0,400,peak_spacing,64,0.761434,0.339497,no,ok
PBC,0.0774,6,0,400,fft,72.8,,,no,ok
PBC,0.0774,6,1,400,peak_spacing,111,0.994327,0.571438,no,ok
PBC,0.0774,6,1,400,fft,364,,,no,too_few_cycles
PBC,0.0774,8,0,400,peak_spacing,66,0.569084,0.328045,yes,ok
PBC,0.0774,8,0,400,fft,70.4,,,no,ok
PBC,0.0774,8,1,400,peak_spacing,110,1.03305,0.518293,no,ok
PBC,0.0774,8,1,400,fft,352,,,no,too_few_cycles
PBC,0.0774,10,0,400,peak_spacing,64,0.493786,0.327699,yes,ok
PBC,0.0774,10,0,400,fft,68,,,no,ok
PBC,0.0774,10,1,400,peak_spacing,90.5,0.789443,0.567699,no,ok
PBC,0.0774,10,1,400,fft,340,,,no,too_few_cycles
PBC,0.0774,12,0,400,peak_spacing,133.5,0.402433,0.346599,no,ok
PBC,0.0774,12,0,400,fft,65.6,,,no,ok
PBC,0.0774,12,1,400,peak_spacing,94.5,0.654061,0.533484,no,ok
PBC,0.0774,12,1,400,fft,328,,,no,too_few_cycles
PBC,0.0774,15,0,400,peak_spacing,352,0.630597,0,no,too_few_cycles
PBC,0.0774,15,0,400,fft,310,,,no,too_few_cycles
PBC,0.0774,15,1,400,peak_spacing,144,1.06281,0,yes,ok
PBC,0.0774,15,1,400,fft,77.5,,,no,ok
PBC,0.0774,20,0,400,peak_spacing,356,0.467503,0,no,too_few_cycles
PBC,0.0774,20,0,400,fft,280,,,no,too_few_cycles
PBC,0.0774,20,1,400,peak_spacing,,,,,no_estimate
PBC,0.0774,20,1,400,fft,93.3333,,,no,ok
PBC,0.0774,25,0,400,peak_spacing,350,0.371274,0,no,too_few_cycles
PBC,0.0774,25,0,400,fft,250,,,no,too_few_cycles
PBC,0.0774,25,1,400,peak_spacing,,,,,no_estimate
PBC,0.0774,25,1,400,fft,83.3333,,,no,ok
PBC,0.0774,30,0,400,peak_spacing,328,0.300371,0,no,too_few_cycles
PBC,0.0774,30,0,400,fft,220,,,no,too_few_cycles
PBC,0.0774,30,1,400,peak_spacing,,,,,no_estimate
PBC,0.0774,30,1,400,fft,110,,,no,ok
PBC,0.0774,35,0,400,peak_spacing,310,0.243748,0,yes,too_few_cycles
PBC,0.0774,35,0,400,fft,190,,,no,too_few_cycles
PBC,0.0774,35,1,400,peak_spacing,,,,,no_estimate
PBC,0.0774,35,1,400,fft,190,,,no,too_few_cycles
PBC,0.0774,40,0,400,peak_spacing,300,0.196364,0,yes,too_few_cycles
PBC,0.0774,40,0,400,fft,160,,,no,too_few_cycles
PBC,0.0774,40,1,400,peak_spacing,,,,,no_estimate
PBC,0.0774,40,1,400,fft,160,,,no,too_few_cycles
OBC,0.0560,2,0,400,peak_spacing,23,1.89365,0.793857,no,ok
OBC,0.0560,2,0,400,fft,32.3333,,,no,ok
OBC,0.0560,2,1,400,peak_spacing,33,2.09123,0.621819,no,ok
OBC,0.0560,2,1,400,fft,38.8,,,no,ok
OBC,0.0560,4,0,400,peak_spacing,57.5,1.65112,0.673788,no,ok
OBC,0.0560,4,0,400,fft,376,,,no,too_few_cycles
OBC,0.0560,4,1,400,peak_spacing,45,1.38237,0.55327,no,ok
OBC,0.0560,4,1,400,fft,41.7778,,,no,ok
OBC,0.0560,6,0,400,peak_spacing,76,1.37459,0.498987,no,ok
OBC,0.0560,6,0,400,fft,364,,,no,too_few_cycles
OBC,0.0560,6,1,400,peak_spacing,77,1.15107,0.341487,no,ok
OBC,0.0560,6,1,400,fft,40.4444,,,no,ok
OBC,0.0560,8,0,400,peak_spacing,88,1.1272,0.356174,no,ok
OBC,0.0560,8,0,400,fft,352,,,no,too_few_cycles
OBC,0.0560,8,1,400,peak_spacing,77.5,0.816872,0.355346,no,ok
OBC,0.0560,8,1,400,fft,39.1111,,,no,ok
OBC,0.0560,10,0,400,peak_spacing,88,0.839029,0.340267,yes,ok
OBC,0.0560,10,0,400,fft,340,,,no,too_few_cycles
OBC,0.0560,10,1,400,peak_spacing,144,0.852994,0.237563,no,ok
OBC,0.0560,10,1,400,fft,170,,,no,ok
OBC,0.0560,12,0,400,peak_spacing,204.5,0.856661,0.572409,no,too_few_cycles
OBC,0.0560,12,0,400,fft,328,,,no,too_few_cycles
OBC,0.0560,12,1,400,peak_spacing,140.5,0.695478,0.229021,no,ok
OBC,0.0560,12,1,400,fft,164,,,no,ok
OBC,0.0560,15,0,400,peak_spacing,238,1.20087,0,no,too_few_cycles
OBC,0.0560,15,0,400,fft,310,,,no,too_few_cycles
OBC,0.0560,15,1,400,peak_spacing,139,0.527258,0.22029,no,ok
OBC,0.0560,15,1,400,fft,155,,,no,ok
OBC,0.0560,20,0,400,peak_spacing,250,0.940999,0,no,too_few_cycles
OBC,0.0560,20,0,400,fft,280,,,no,too_few_cycles
OBC,0.0560,20,1,400,peak_spacing,143,0.347418,0.218785,no,too_few_cycles
OBC,0.0560,20,1,400,fft,280,,,no,too_few_cycles
OBC,0.0560,25,0,400,peak_spacing,256,0.762291,0,yes,too_few_cycles
OBC,0.0560,25,0,400,fft,250,,,no,too_few_cycles
OBC,0.0560,25,1,400,peak_spacing,438,0.479749,0,no,too_few_cycles
OBC,0.0560,25,1,400,fft,250,,,no,too_few_cycles
OBC,0.0560,30,0,400,peak_spacing,,,,,no_estimate
OBC,0.0560,30,0,400,fft,220,,,no,too_few_cycles
OBC,0.0560,30,1,400,peak_spacing,212,0.352384,0,no,too_few_cycles
OBC,0.0560,30,1,400,fft,220,,,no,too_few_cycles
OBC,0.0560,35,0,400,peak_spacing,,,,,no_estimate
OBC,0.0560,35,0,400,fft,190,,,no,too_few_cycles
OBC,0.0560,35,1,400,peak_spacing,232,0.268056,0,yes,too_few_cycles
OBC,0.0560,35,1,400,fft,190,,,no,too_few_cycles
OBC,0.0560,40,0,400,peak_spacing,,,,,no_estimate
OBC,0.0560,40,0,400,fft,160,,,no,too_few_cycles
OBC,0.0560,40,1,400,peak_spacing,266,0.211265,0,yes,too_few_cycles
OBC,0.0560,40,1,400,fft,160,,,no,too_few_cycles
PBC,0.0560,2,0,400,peak_spacing,37.5,2.59158,1.095,no,ok
PBC,0.0560,2,0,400,fft,77.6,,,no,ok
PBC,0.0560,2,1,400,peak_spacing,26.5,2.16253,0.914185,no,ok
PBC,0.0560,2,1,400,fft,97,,,no,ok
PBC,0.0560,4,0,400,peak_spacing,45,1.78014,0.895308,no,ok
PBC,0.0560,4,0,400,fft,75.2,,,no,ok
PBC,0.0560,4,1,400,peak_spacing,61,1.7896,0.734564,no,ok
PBC,0.0560,4,1,400,fft,125.333,,,no,ok
PBC,0.0560,6,0,400,peak_spacing,84,1.83074,0.670735,no,ok
PBC,0.0560,6,0,400,fft,72.8,,,no,ok
PBC,0.0560,6,1,400,peak_spacing,86,1.49652,0.668638,no,ok
PBC,0.0560,6,1,400,fft,121.333,,,no,ok
PBC,0.0560,8,0,400,peak_spacing,85.5,1.37013,0.645005,no,ok
PBC,0.0560,8,0,400,fft,70.4,,,no,ok
PBC,0.0560,8,1,400,peak_spacing,96,1.51087,0.495283,no,ok
PBC,0.0560,8,1,400,fft,117.333,,,no,ok
PBC,0.0560,10,0,400,peak_spacing,139,1.35163,0.525875,no,ok
PBC,0.0560,10,0,400,fft,113.333,,,no,ok
PBC,0.0560,10,1,400,peak_spacing,95,1.27382,0.488261,no,ok
PBC,0.0560,10,1,400,fft,113.333,,,no,ok
PBC,0.0560,12,0,400,peak_spacing,136,1.0809,0.40232,no,ok
PBC,0.0560,12,0,400,fft,109.333,,,no,ok
PBC,0.0560,12,1,400,peak_spacing,97,1.04785,0.458175,no,ok
PBC,0.0560,12,1,400,fft,109.333,,,no,ok
PBC,0.0560,15,0,400,peak_spacing,128,0.788091,0.303114,no,ok
PBC,0.0560,15,0,400,fft,103.333,,,no,ok
PBC,0.0560,15,1,400,peak_spacing,101,0.753214,0.395372,yes,ok
PBC,0.0560,15,1,400,fft,103.333,,,no,ok
PBC,0.0560,20,0,400,peak_spacing,114,0.503506,0.275632,no,ok
PBC,0.0560,20,0,400,fft,140,,,no,ok
PBC,0.0560,20,1,400,peak_spacing,111,0.569057,0.0366117,no,ok
PBC,0.0560,20,1,400,fft,140,,,no,ok
PBC,0.0560,25,0,400,peak_spacing,281,0.59367,0.00900661,yes,too_few_cycles
PBC,0.0560,25,0,400,fft,125,,,no,ok
PBC,0.0560,25,1,400,peak_spacing,110,0.273403,0.00721404,no,ok
PBC,0.0560,25,1,400,fft,125,,,no,ok
PBC,0.0560,30,0,400,peak_spacing,,,,,no_estimate
PBC,0.0560,30,0,400,fft,110,,,no,ok
PBC,0.0560,30,1,400,peak_spacing,106,0.106769,0.00111703,no,ok
PBC,0.0560,30,1,400,fft,110,,,no,ok
PBC,0.0560,35,0,400,peak_spacing,,,,,no_estimate
PBC,0.0560,35,0,400,fft,95,,,no,lambda_too_close_to_sigma
PBC,0.0560,35,1,400,peak_spacing,,,,,no_estimate
PBC,0.0560,35,1,400,fft,95,,,no,lambda_too_close_to_sigma
PBC,0.0560,40,0,400,peak_spacing,,,,,no_estimate
PBC,0.0560,40,0,400,fft,160,,,no,too_few_cycles
PBC,0.0560,40,1,400,peak_spacing,,,,,no_estimate
PBC,0.0560,40,1,400,fft,160,,,no,too_few_cycles
OBC,0.0408,2,0,400,peak_spacing,34,3.7825,1.63701,no,ok
OBC,0.0408,2,0,400,fft,97,,,no,ok
OBC,0.0408,2,1,400,peak_spacing,39.5,2.66092,1.0889,no,ok
OBC,0.0408,2,1,400,fft,48.5,,,no,ok
OBC,0.0408,4,0,400,peak_spacing,52.5,2.53322,1.24375,no,ok
OBC,0.0408,4,0,400,fft,94,,,no,ok
OBC,0.0408,4,1,400,peak_spacing,55,2.12471,0.949432,no,ok
OBC,0.0408,4,1,400,fft,47,,,no,ok
OBC,0.0408,6,0,400,peak_spacing,81,2.56341,0.743205,no,ok
OBC,0.0408,6,0,400,fft,91,,,no,ok
OBC,0.0408,6,1,400,peak_spacing,90,1.78672,0.823486,no,ok
OBC,0.0408,6,1,400,fft,45.5,,,no,ok
OBC,0.0408,8,0,400,peak_spacing,84,1.98537,0.67646,no,ok
OBC,0.0408,8,0,400,fft,88,,,no,ok
OBC,0.0408,8,1,400,peak_spacing,89,1.23164,0.708157,no,ok
OBC,0.0408,8,1,400,fft,88,,,no,ok
OBC,0.0408,10,0,400,peak_spacing,87,1.5927,0.636794,no,ok
OBC,0.0408,10,0,400,fft,85,,,no,ok
OBC,0.0408,10,1,400,peak_spacing,122.5,1.10866,0.554187,no,ok
OBC,0.0408,10,1,400,fft,85,,,no,ok
OBC,0.0408,12,0,400,peak_spacing,90,1.26835,0.581056,no,ok
OBC,0.0408,12,0,400,fft,109.333,,,no,ok
OBC,0.0408,12,1,400,peak_spacing,122,0.814112,0.445461,no,ok
OBC,0.0408,12,1,400,fft,328,,,no,too_few_cycles
OBC,0.0408,15,0,400,peak_spacing,96,0.882879,0.523428,no,ok
OBC,0.0408,15,0,400,fft,103.333,,,no,ok
OBC,0.0408,15,1,400,peak_spacing,205,0.721014,0.22875,no,too_few_cycles
OBC,0.0408,15,1,400,fft,310,,,no,too_few_cycles
OBC,0.0408,20,0,400,peak_spacing,280,1.12899,0,no,too_few_cycles
OBC,0.0408,20,0,400,fft,93.3333,,,no,ok
OBC,0.0408,20,1,400,peak_spacing,201.5,0.384018,0.143615,yes,too_few_cycles
OBC,0.0408,20,1,400,fft,280,,,no,too_few_cycles
OBC,0.0408,25,0,400,peak_spacing,282,0.870197,0,no,too_few_cycles
OBC,0.0408,25,0,400,fft,125,,,no,ok
OBC,0.0408,25,1,400,peak_spacing,196,0.226947,0.104473,yes,too_few_cycles
OBC,0.0408,25,1,400,fft,250,,,no,too_few_cycles
OBC,0.0408,30,0,400,peak_spacing,290,0.773792,0,no,too_few_cycles
OBC,0.0408,30,0,400,fft,110,,,no,ok
OBC,0.0408,30,1,400,peak_spacing,188.5,0.147444,0.0888158,yes,too_few_cycles
OBC,0.0408,30,1,400,fft,220,,,no,too_few_cycles
OBC,0.0408,35,0,400,peak_spacing,288,0.667051,0,no,too_few_cycles
OBC,0.0408,35,0,400,fft,190,,,no,too_few_cycles
OBC,0.0408,35,1,400,peak_spacing,210,0.180363,0,yes,too_few_cycles
OBC,0.0408,35,1,400,fft,190,,,no,too_few_cycles
OBC,0.0408,40,0,400,peak_spacing,286,0.549042,0,yes,too_few_cycles
OBC,0.0408,40,0,400,fft,160,,,no,too_few_cycles
OBC,0.0408,40,1,400,peak_spacing,222,0.134969,0,yes,too_few_cycles
OBC,0.0408,40,1,400,fft,160,,,no,too_few_cycles
PBC,0.0408,2,0,400,peak_spacing,29,3.14247,1.32011,no,ok
PBC,0.0408,2,0,400,fft,25.8667,,,no,ok
PBC,0.0408,2,1,400,peak_spacing,34,3.39864,1.33637,no,ok
PBC,0.0408,2,1,400,fft,194,,,no,ok
PBC,0.0408,4,0,400,peak_spacing,48.5,2.33395,1.11682,no,ok
PBC,0.0408,4,0,400,fft,47,,,no,ok
PBC,0.0408,4,1,400,peak_spacing,63,2.98369,1.10643,no,ok
PBC,0.0408,4,1,400,fft,188,,,no,ok
PBC,0.0408,6,0,400,peak_spacing,66,1.87514,0.887475,no,ok
PBC,0.0408,6,0,400,fft,45.5,,,no,ok
PBC,0.0408,6,1,400,peak_spacing,60.5,1.94905,1.01549,no,ok
PBC,0.0408,6,1,400,fft,182,,,no,ok
PBC,0.0408,8,0,400,peak_spacing,66.5,1.27982,0.795522,yes,ok
PBC,0.0408,8,0,400,fft,352,,,no,too_few_cycles
PBC,0.0408,8,1,400,peak_spacing,76,1.95117,1.06908,no,ok
PBC,0.0408,8,1,400,fft,176,,,no,ok
PBC,0.0408,10,0,400,peak_spacing,98,1.23125,0.735883,yes,ok
PBC,0.0408,10,0,400,fft,340,,,no,too_few_cycles
PBC,0.0408,10,1,400,peak_spacing,167,2.15094,0.598402,no,ok
PBC,0.0408,10,1,400,fft,170,,,no,ok
PBC,0.0408,12,0,400,peak_spacing,196,1.60138,0.380262,no,too_few_cycles
PBC,0.0408,12,0,400,fft,328,,,no,too_few_cycles
PBC,0.0408,12,1,400,peak_spacing,165.5,1.80394,0.668297,no,too_few_cycles
PBC,0.0408,12,1,400,fft,164,,,no,ok
PBC,0.0408,15,0,400,peak_spacing,196,1.08943,0.436585,no,too_few_cycles
PBC,0.0408,15,0,400,fft,310,,,no,too_few_cycles
PBC,0.0408,15,1,400,peak_spacing,182,1.54953,0.75355,no,too_few_cycles
PBC,0.0408,15,1,400,fft,155,,,no,ok
PBC,0.0408,20,0,400,peak_spacing,300,0.98524,0,no,too_few_cycles
PBC,0.0408,20,0,400,fft,280,,,no,too_few_cycles
PBC,0.0408,20,1,400,peak_spacing,170,1.22522,0.744597,no,too_few_cycles
PBC,0.0408,20,1,400,fft,280,,,no,too_few_cycles
PBC,0.0408,25,0,400,peak_spacing,,,,,no_estimate
PBC,0.0408,25,0,400,fft,250,,,no,too_few_cycles
PBC,0.0408,25,1,400,peak_spacing,186,1.55769,0,no,too_few_cycles
PBC,0.0408,25,1,400,fft,250,,,no,too_few_cycles
PBC,0.0408,30,0,400,peak_spacing,,,,,no_estimate
PBC,0.0408,30,0,400,fft,220,,,no,too_few_cycles
PBC,0.0408,30,1,400,peak_spacing,196,1.18212,0,no,too_few_cycles
PBC,0.0408,30,1,400,fft,220,,,no,too_few_cycles
PBC,0.0408,35,0,400,peak_spacing,,,,,no_estimate
PBC,0.0408,35,0,400,fft,190,,,no,too_few_cycles
PBC,0.0408,35,1,400,peak_spacing,208,0.888146,0,yes,too_few_cycles
PBC,0.0408,35,1,400,fft,190,,,no,too_few_cycles
PBC,0.0408,40,0,400,peak_spacing,,,,,no_estimate
PBC,0.0408,40,0,400,fft,160,,,no,too_few_cycles
PBC,0.0408,40,1,400,peak_spacing,224,0.670965,0,yes,too_few_cycles
PBC,0.0408,40,1,400,fft,160,,,no,too_few_cycles
OBC,0.0299,2,0,400,peak_spacing,26.5,3.22583,1.42497,no,ok
OBC,0.0299,2,0,400,fft,194,,,no,ok
OBC,0.0299,2,1,400,peak_spacing,41,3.10752,1.24676,no,ok
OBC,0.0299,2,1,400,fft,388,,,no,too_few_cycles
OBC,0.0299,4,0,400,peak_spacing,61,2.52879,1.05539,no,ok
OBC,0.0299,4,0,400,fft,188,,,no,ok
OBC,0.0299,4,1,400,peak_spacing,53,2.55646,1.15774,no,ok
OBC,0.0299,4,1,400,fft,376,,,no,too_few_cycles
OBC,0.0299,6,0,400,peak_spacing,62,1.84077,0.753817,no,ok
OBC,0.0299,6,0,400,fft,182,,,no,ok
OBC,0.0299,6,1,400,peak_spacing,187,3.66806,0.895409,yes,too_few_cycles
OBC,0.0299,6,1,400,fft,364,,,no,too_few_cycles
OBC,0.0299,8,0,400,peak_spacing,63.5,1.95759,1.07419,no,ok
OBC,0.0299,8,0,400,fft,176,,,no,ok
OBC,0.0299,8,1,400,peak_spacing,201.5,3.52649,1.0729,no,too_few_cycles
OBC,0.0299,8,1,400,fft,352,,,no,too_few_cycles
OBC,0.0299,10,0,400,peak_spacing,160.5,2.31197,1.20238,no,ok
OBC,0.0299,10,0,400,fft,340,,,no,too_few_cycles
OBC,0.0299,10,1,400,peak_spacing,203,3.23999,1.21484,no,too_few_cycles
OBC,0.0299,10,1,400,fft,340,,,no,too_few_cycles
OBC,0.0299,12,0,400,peak_spacing,162,2.01264,1.20695,no,ok
OBC,0.0299,12,0,400,fft,328,,,no,too_few_cycles
OBC,0.0299,12,1,400,peak_spacing,204,2.9924,1.30956,no,too_few_cycles
OBC,0.0299,12,1,400,fft,328,,,no,too_few_cycles
OBC,0.0299,15,0,400,peak_spacing,188,2.79957,0,no,too_few_cycles
OBC,0.0299,15,0,400,fft,310,,,no,too_few_cycles
OBC,0.0299,15,1,400,peak_spacing,207,2.69578,1.36899,yes,too_few_cycles
OBC,0.0299,15,1,400,fft,310,,,no,too_few_cycles
OBC,0.0299,20,0,400,peak_spacing,196,2.28765,0,no,too_few_cycles
OBC,0.0299,20,0,400,fft,280,,,no,too_few_cycles
OBC,0.0299,20,1,400,peak_spacing,232,2.96514,0,no,too_few_cycles
OBC,0.0299,20,1,400,fft,280,,,no,too_few_cycles
OBC,0.0299,25,0,400,peak_spacing,208,1.87749,0,no,too_few_cycles
OBC,0.0299,25,0,400,fft,250,,,no,too_few_cycles
OBC,0.0299,25,1,400,peak_spacing,,,,,no_estimate
OBC,0.0299,25,1,400,fft,250,,,no,too_few_cycles
OBC,0.0299,30,0,400,peak_spacing,226,1.5413,0,yes,too_few_cycles
OBC,0.0299,30,0,400,fft,220,,,no,too_few_cycles
OBC,0.0299,30,1,400,peak_spacing,,,,,no_estimate
OBC,0.0299,30,1,400,fft,220,,,no,too_few_cycles
OBC,0.0299,35,0,400,peak_spacing,244,1.27355,0,yes,too_few_cycles
OBC,0.0299,35,0,400,fft,190,,,no,too_few_cycles
OBC,0.0299,35,1,400,peak_spacing,,,,,no_estimate
OBC,0.0299,35,1,400,fft,190,,,no,too_few_cycles
OBC,0.0299,40,0,400,peak_spacing,268,1.06388,0,yes,too_few_cycles
OBC,0.0299,40,0,400,fft,160,,,no,too_few_cycles
OBC,0.0299,40,1,400,peak_spacing,,,,,no_estimate
OBC,0.0299,40,1,400,fft,160,,,no,too_few_cycles
PBC,0.0299,2,0,400,peak_spacing,44,3.01736,1.32454,no,ok
PBC,0.0299,2,0,400,fft,194,,,no,ok
PBC,0.0299,2,1,400,peak_spacing,67,4.64581,1.98702,no,ok
PBC,0.0299,2,1,400,fft,194,,,no,ok
PBC,0.0299,4,0,400,peak_spacing,42,1.96415,1.13093,no,ok
PBC,0.0299,4,0,400,fft,188,,,no,ok
PBC,0.0299,4,1,400,peak_spacing,77,4.93734,2.5991,no,ok
PBC,0.0299,4,1,400,fft,188,,,no,ok
PBC,0.0299,6,0,400,peak_spacing,87,2.36463,1.12126,no,ok
PBC,0.0299,6,0,400,fft,182,,,no,ok
PBC,0.0299,6,1,400,peak_spacing,77,4.02451,2.5027,no,ok
PBC,0.0299,6,1,400,fft,182,,,no,ok
PBC,0.0299,8,0,400,peak_spacing,90,2.38003,0.495935,no,ok
PBC,0.0299,8,0,400,fft,176,,,no,ok
PBC,0.0299,8,1,400,peak_spacing,182,4.97349,1.75166,no,too_few_cycles
PBC,0.0299,8,1,400,fft,176,,,no,ok
PBC,0.0299,10,0,400,peak_spacing,138,2.16307,0.28932,no,ok
PBC,0.0299,10,0,400,fft,170,,,no,ok
PBC,0.0299,10,1,400,peak_spacing,182,4.41982,1.675,no,too_few_cycles
PBC,0.0299,10,1,400,fft,170,,,no,ok
PBC,0.0299,12,0,400,peak_spacing,138,1.84407,0.347754,no,ok
PBC,0.0299,12,0,400,fft,164,,,no,ok
PBC,0.0299,12,1,400,peak_spacing,182.5,3.91002,1.61686,no,too_few_cycles
PBC,0.0299,12,1,400,fft,164,,,no,ok
PBC,0.0299,15,0,400,peak_spacing,140,1.48273,0.426208,no,ok
PBC,0.0299,15,0,400,fft,155,,,no,ok
PBC,0.0299,15,1,400,peak_spacing,182.5,3.24879,1.52315,no,too_few_cycles
PBC,0.0299,15,1,400,fft,310,,,no,too_few_cycles
PBC,0.0299,20,0,400,peak_spacing,182,1.35779,0.195919,no,too_few_cycles
PBC,0.0299,20,0,400,fft,280,,,no,too_few_cycles
PBC,0.0299,20,1,400,peak_spacing,179,2.43652,1.3494,no,too_few_cycles
PBC,0.0299,20,1,400,fft,280,,,no,too_few_cycles
PBC,0.0299,25,0,400,peak_spacing,228,1.26219,0,no,too_few_cycles
PBC,0.0299,25,0,400,fft,250,,,no,too_few_cycles
PBC,0.0299,25,1,400,peak_spacing,204,2.93234,0,yes,too_few_cycles
PBC,0.0299,25,1,400,fft,250,,,no,too_few_cycles
PBC,0.0299,30,0,400,peak_spacing,232,1.03832,0,no,too_few_cycles
PBC,0.0299,30,0,400,fft,220,,,no,too_few_cycles
PBC,0.0299,30,1,400,peak_spacing,216,2.34019,0,yes,too_few_cycles
PBC,0.0299,30,1,400,fft,220,,,no,too_few_cycles
PBC,0.0299,35,0,400,peak_spacing,238,0.842311,0,no,too_few_cycles
PBC,0.0299,35,0,400,fft,190,,,no,too_few_cycles
PBC,0.0299,35,1,400,peak_spacing,,,,,no_estimate
PBC,0.0299,35,1,400,fft,190,,,no,too_few_cycles
PBC,0.0299,40,0,400,peak_spacing,250,0.679679,0,no,too_few_cycles
PBC,0.0299,40,0,400,fft,160,,,no,too_few_cycles
PBC,0.0299,40,1,400,peak_spacing,,,,,no_estimate
PBC,0.0299,40,1,400,fft,160,,,no,too_few_cycles
OBC,0.0191,2,0,400,peak_spacing,41.5,3.30864,1.46155,no,ok
OBC,0.0191,2,0,400,fft,388,,,no,too_few_cycles
OBC,0.0191,2,1,400,peak_spacing,75.5,3.35463,1.2977,no,ok
OBC,0.0191,2,1,400,fft,194,,,no,ok
OBC,0.0191,4,0,400,peak_spacing,211,5.09376,1.55743,no,too_few_cycles
OBC,0.0191,4,0,400,fft,376,,,no,too_few_cycles
OBC,0.0191,4,1,400,peak_spacing,67,2.38936,1.27994,no,ok
OBC,0.0191,4,1,400,fft,188,,,no,ok
OBC,0.0191,6,0,400,peak_spacing,264,5.29137,0.0234695,no,too_few_cycles
OBC,0.0191,6,0,400,fft,364,,,no,too_few_cycles
OBC,0.0191,6,1,400,peak_spacing,200.5,3.77681,0.204642,no,too_few_cycles
OBC,0.0191,6,1,400,fft,182,,,no,ok
OBC,0.0191,8,0,400,peak_spacing,266,4.86191,0.00770646,no,too_few_cycles
OBC,0.0191,8,0,400,fft,352,,,no,too_few_cycles
OBC,0.0191,8,1,400,peak_spacing,202,3.43082,0.293539,no,too_few_cycles
OBC,0.0191,8,1,400,fft,176,,,no,ok
OBC,0.0191,10,0,400,peak_spacing,270,4.59068,0.0452111,no,too_few_cycles
OBC,0.0191,10,0,400,fft,340,,,no,too_few_cycles
OBC,0.0191,10,1,400,peak_spacing,201,3.14135,0.399387,no,too_few_cycles
OBC,0.0191,10,1,400,fft,170,,,no,ok
OBC,0.0191,12,0,400,peak_spacing,270,4.35428,0.0608521,no,too_few_cycles
OBC,0.0191,12,0,400,fft,328,,,no,too_few_cycles
OBC,0.0191,12,1,400,peak_spacing,199,2.86283,0.478883,no,too_few_cycles
OBC,0.0191,12,1,400,fft,328,,,no,too_few_cycles
OBC,0.0191,15,0,400,peak_spacing,269,3.99977,0.0311102,no,too_few_cycles
OBC,0.0191,15,0,400,fft,310,,,no,too_few_cycles
OBC,0.0191,15,1,400,peak_spacing,195.5,2.46427,0.536623,no,too_few_cycles
OBC,0.0191,15,1,400,fft,310,,,no,too_few_cycles
OBC,0.0191,20,0,400,peak_spacing,272,3.46671,0.0131473,yes,too_few_cycles
OBC,0.0191,20,0,400,fft,280,,,no,too_few_cycles
OBC,0.0191,20,1,400,peak_spacing,191,1.90293,0.548681,no,too_few_cycles
OBC,0.0191,20,1,400,fft,280,,,no,too_few_cycles
OBC,0.0191,25,0,400,peak_spacing,314,3.06529,0,yes,too_few_cycles
OBC,0.0191,25,0,400,fft,250,,,no,too_few_cycles
OBC,0.0191,25,1,400,peak_spacing,190.5,1.44386,0.525737,yes,too_few_cycles
OBC,0.0191,25,1,400,fft,250,,,no,too_few_cycles
OBC,0.0191,30,0,400,peak_spacing,,,,,no_estimate
OBC,0.0191,30,0,400,fft,220,,,no,too_few_cycles
OBC,0.0191,30,1,400,peak_spacing,193,1.07077,0.486711,yes,too_few_cycles
OBC,0.0191,30,1,400,fft,220,,,no,too_few_cycles
OBC,0.0191,35,0,400,peak_spacing,,,,,no_estimate
OBC,0.0191,35,0,400,fft,190,,,no,too_few_cycles
OBC,0.0191,35,1,400,peak_spacing,197.5,0.776793,0.440668,yes,too_few_cycles
OBC,0.0191,35,1,400,fft,190,,,no,too_few_cycles
OBC,0.0191,40,0,400,peak_spacing,,,,,no_estimate
OBC,0.0191,40,0,400,fft,160,,,no,too_few_cycles
OBC,0.0191,40,1,400,peak_spacing,238,0.863787,0,yes,too_few_cycles
OBC,0.0191,40,1,400,fft,160,,,no,too_few_cycles
PBC,0.0191,2,0,400,peak_spacing,80,2.83471,1.2898,no,ok
PBC,0.0191,2,0,400,fft,194,,,no,ok
PBC,0.0191,2,1,400,peak_spacing,86,1.69747,0.851184,no,ok
PBC,0.0191,2,1,400,fft,97,,,no,ok
PBC,0.0191,4,0,400,peak_spacing,121,2.93858,1.24176,no,ok
PBC,0.0191,4,0,400,fft,188,,,no,ok
PBC,0.0191,4,1,400,peak_spacing,98,1.81161,0.20664,no,ok
PBC,0.0191,4,1,400,fft,94,,,no,ok
PBC,0.0191,6,0,400,peak_spacing,116,2.47491,1.09988,no,ok
PBC,0.0191,6,0,400,fft,182,,,no,ok
PBC,0.0191,6,1,400,peak_spacing,98,1.44204,0.246573,no,ok
PBC,0.0191,6,1,400,fft,91,,,no,ok
PBC,0.0191,8,0,400,peak_spacing,113,2.12865,1.01991,no,ok
PBC,0.0191,8,0,400,fft,176,,,no,ok
PBC,0.0191,8,1,400,peak_spacing,98,1.18666,0.294464,no,ok
PBC,0.0191,8,1,400,fft,117.333,,,no,ok
PBC,0.0191,10,0,400,peak_spacing,112,1.84226,0.981903,no,ok
PBC,0.0191,10,0,400,fft,170,,,no,ok
PBC,0.0191,10,1,400,peak_spacing,98,0.990632,0.328676,no,ok
PBC,0.0191,10,1,400,fft,113.333,,,no,ok
PBC,0.0191,12,0,400,peak_spacing,112,1.59715,0.961885,no,ok
PBC,0.0191,12,0,400,fft,164,,,no,ok
PBC,0.0191,12,1,400,peak_spacing,98,0.821872,0.346449,no,ok
PBC,0.0191,12,1,400,fft,109.333,,,no,ok
PBC,0.0191,15,0,400,peak_spacing,165,2.07964,0.168496,no,too_few_cycles
PBC,0.0191,15,0,400,fft,155,,,no,ok
PBC,0.0191,15,1,400,peak_spacing,216,0.974727,0.395491,no,too_few_cycles
PBC,0.0191,15,1,400,fft,103.333,,,no,ok
PBC,0.0191,20,0,400,peak_spacing,168,1.60454,0.202168,no,too_few_cycles
PBC,0.0191,20,0,400,fft,140,,,no,ok
PBC,0.0191,20,1,400,peak_spacing,209,0.689118,0.292254,no,too_few_cycles
PBC,0.0191,20,1,400,fft,140,,,no,ok
PBC,0.0191,25,0,400,peak_spacing,180,1.21838,0.176756,no,too_few_cycles
PBC,0.0191,25,0,400,fft,250,,,no,too_few_cycles
PBC,0.0191,25,1,400,peak_spacing,197,0.490085,0.250264,no,too_few_cycles
PBC,0.0191,25,1,400,fft,125,,,no,ok
PBC,0.0191,30,0,400,peak_spacing,199,0.925475,0.12248,yes,too_few_cycles
PBC,0.0191,30,0,400,fft,220,,,no,too_few_cycles
PBC,0.0191,30,1,400,peak_spacing,184,0.352371,0.232411,yes,too_few_cycles
PBC,0.0191,30,1,400,fft,220,,,no,too_few_cycles
PBC,0.0191,35,0,400,peak_spacing,221,0.707487,0.0779113,yes,too_few_cycles
PBC,0.0191,35,0,400,fft,190,,,no,too_few_cycles
PBC,0.0191,35,1,400,peak_spacing,,,,,no_estimate
PBC,0.0191,35,1,400,fft,190,,,no,too_few_cycles
PBC,0.0191,40,0,400,peak_spacing,230,0.584027,0,yes,too_few_cycles
PBC,0.0191,40,0,400,fft,160,,,no,too_few_cycles
PBC,0.0191,40,1,400,peak_spacing,,,,,no_estimate
PBC,0.0191,40,1,400,fft,160,,,no,too_few_cycles
OBC,0.0107,2,0,50,peak_spacing,16,1.38219,0.844104,no,ok
OBC,0.0107,2,0,50,fft,19,,,no,ok
OBC,0.0107,2,1,50,peak_spacing,27,0.772222,0.277762,no,too_few_cycles
OBC,0.0107,2,1,50,fft,12.6667,,,no,ok
OBC,0.0107,4,0,50,peak_spacing,,,,,no_estimate
OBC,0.0107,4,0,50,fft,26,,,no,too_few_cycles
OBC,0.0107,4,1,50,peak_spacing,,,,,no_estimate
OBC,0.0107,4,1,50,fft,13,,,no,ok
OBC,0.0107,6,0,50,peak_spacing,,,,,no_estimate
OBC,0.0107,6,0,50,fft,14,,,no,lambda_too_close_to_sigma
OBC,0.0107,6,1,50,peak_spacing,,,,,no_estimate
OBC,0.0107,6,1,50,fft,14,,,no,lambda_too_close_to_sigma
OBC,0.0107,8,0,50,peak_spacing,,,,,edge_too_short
OBC,0.0107,8,0,50,fft,,,,,edge_too_short
OBC,0.0107,8,1,50,peak_spacing,,,,,edge_too_short
OBC,0.0107,8,1,50,fft,,,,,edge_too_short
OBC,0.0107,10,0,50,peak_spacing,,,,,edge_too_short
OBC,0.0107,10,0,50,fft,,,,,edge_too_short
OBC,0.0107,10,1,50,peak_spacing,,,,,edge_too_short
OBC,0.0107,10,1,50,fft,,,,,edge_too_short
OBC,0.0107,12,0,50,peak_spacing,,,,,edge_too_short
OBC,0.0107,12,0,50,fft,,,,,edge_too_short
OBC,0.0107,12,1,50,peak_spacing,,,,,edge_too_short
OBC,0.0107,12,1,50,fft,,,,,edge_too_short
OBC,0.0107,16,0,50,peak_spacing,,,,,edge_too_short
OBC,0.0107,16,0,50,fft,,,,,edge_too_short
OBC,0.0107,16,1,50,peak_spacing,,,,,edge_too_short
OBC,0.0107,16,1,50,fft,,,,,edge_too_short
OBC,0.0107,20,0,50,peak_spacing,,,,,edge_too_short
OBC,0.0107,20,0,50,fft,,,,,edge_too_short
OBC,0.0107,20,1,50,peak_spacing,,,,,edge_too_short
OBC,0.0107,20,1,50,fft,,,,,edge_too_short
PBC,0.0107,2,0,50,peak_spacing,,,,,no_estimate
PBC,0.0107,2,0,50,fft,,,,,no_estimate
PBC,0.0107,4,0,50,peak_spacing,,,,,no_estimate
PBC,0.0107,4,0,50,fft,,,,,no_estimate
PBC,0.0107,6,0,50,peak_spacing,,,,,no_estimate
PBC,0.0107,6,0,50,fft,,,,,no_estimate
PBC,0.0107,8,0,50,peak_spacing,,,,,edge_too_short
PBC,0.0107,8,0,50,fft,,,,,edge_too_short
PBC,0.0107,10,0,50,peak_spacing,,,,,edge_too_short
PBC,0.0107,10,0,50,fft,,,,,edge_too_short
PBC,0.0107,12,0,50,peak_spacing,,,,,edge_too_short
PBC,0.0107,12,0,50,fft,,,,,edge_too_short
PBC,0.0107,16,0,50,peak_spacing,,,,,edge_too_short
PBC,0.0107,16,0,50,fft,,,,,edge_too_short
PBC,0.0107,20,0,50,peak_spacing,,,,,edge_too_short
PBC,0.0107,20,0,50,fft,,,,,edge_too_short
